sample_id,decision_id,expected,severity,kind,peer_evidence,correct,note
LISA14,d1,label=traffic_light for every clearly identifiable vehicle traffic-light housing with both visible box dimensions >5 px,major,decision,traffic_light [direction=left;relevance=relevant;review=none;state=red] | traffic_light [direction=non_directional;relevance=relevant;review=none;state=red]×4,1,Peer gán đủ 5 đầu đèn độc lập
LISA14,d2,state=red for the clearly visible main circular signals,critical,decision,traffic_light [direction=left;relevance=relevant;review=none;state=red] | traffic_light [direction=non_directional;relevance=relevant;review=none;state=red]×4,1,Đúng state=red cho các đèn tròn
LISA14,d3,direction=left for the visible left-arrow signal and non_directional for visible circular signals,major,decision,traffic_light [direction=left;relevance=relevant;review=none;state=red] | traffic_light [direction=non_directional;relevance=relevant;review=none;state=red]×4,1,Đúng direction=left cho mũi tên và non_directional cho đèn tròn
LISA14,d4,geometry: each box tightly encloses only the visible traffic-light housing and excludes pole/crossbar/background,minor,geometry,traffic_light [direction=left;relevance=relevant;review=none;state=red] | traffic_light [direction=non_directional;relevance=relevant;review=none;state=red]×4,1,Geometry ôm sát đầu đèn không dính cột/nền
LISA16,d1,label=traffic_light for every clearly identifiable vehicle traffic-light housing with both visible box dimensions >5 px,major,decision,traffic_light [direction=left;relevance=relevant;review=none;state=red] | traffic_light [direction=non_directional;relevance=relevant;review=none;state=green]×4,1,Gán đủ 5 đầu đèn đạt chuẩn kích thước
LISA16,d2,state=red for visible left-arrow and green for circular signals,critical,decision,traffic_light [direction=left;relevance=relevant;review=none;state=red] | traffic_light [direction=non_directional;relevance=relevant;review=none;state=green]×4,1,Đúng mixed-state: mũi tên đỏ và đèn tròn xanh
LISA16,d3,relevance=relevant for traffic lights belonging to the current intersection when lane direction is not clearly determined,major,decision,traffic_light [direction=left;relevance=relevant;review=none;state=red] | traffic_light [direction=non_directional;relevance=relevant;review=none;state=green]×4,1,Tuân thủ đúng quy ước relevance cho giao lộ hiện tại
LISA22,d1,state=red for the visible left-arrow signal,critical,decision,traffic_light [direction=left;relevance=relevant;review=none;state=red] | traffic_light [direction=non_directional;relevance=relevant;review=none;state=green]×4,1,Mũi tên trái gán đúng state=red
LISA22,d2,state=green for the clearly visible main circular signals,critical,decision,traffic_light [direction=left;relevance=relevant;review=none;state=red] | traffic_light [direction=non_directional;relevance=relevant;review=none;state=green]×4,1,Các đèn tròn gán đúng state=green
LISA22,d3,direction=left for the arrow housing and non_directional for circular housings,major,decision,traffic_light [direction=left;relevance=relevant;review=none;state=red] | traffic_light [direction=non_directional;relevance=relevant;review=none;state=green]×4,1,Phân định đúng direction=left và non_directional
LISA27,d1,state=red for the visible left-arrow signal and green for the clearly visible main circular signals,critical,decision,traffic_light [direction=left;relevance=relevant;review=none;state=red] | traffic_light [direction=non_directional;relevance=relevant;review=none;state=green]×4,1,Đúng trạng thái mixed-state
LISA27,d2,relevance=relevant for clearly identifiable traffic lights belonging to the current intersection when lane direction is not clearly determined,major,decision,traffic_light [direction=left;relevance=relevant;review=none;state=red] | traffic_light [direction=non_directional;relevance=relevant;review=none;state=green]×4,0,Peer do dự ở đèn nhỏ phía xa và đánh nhầm relevance=unknown thay vì relevant theo quy ước giao lộ
LISA27,d3,geometry: small/far traffic lights are labeled only when confidently identifiable and both visible box dimensions are >5 px,major,geometry,traffic_light [direction=left;relevance=relevant;review=none;state=red] | traffic_light [direction=non_directional;relevance=relevant;review=none;state=green]×4,1,Box ôm sát và đạt ngưỡng kích thước
